{"cameraMode":{"drawMode":1,"name":"Wireframe","section":"Shading Mode"},"sceneLighting":true,"audioPlay":false,"sceneViewState":{"showFog":true,"showMaterialUpdate":false,"showSkybox":true,"showFlares":true,"showImageEffects":true,"showParticleSystems":true},"in2DMode":false,"pivot":{"x":10.247207641601563,"y":-63.82219696044922,"z":-78.81425476074219},"rotation":{"x":-0.034958839416503909,"y":0.9619064927101135,"z":-0.22715166211128236,"w":-0.1480405330657959},"size":272.4745788574219,"orthographic":false}