{"cameraMode":{"drawMode":0,"name":"Shaded","section":"Shading Mode"},"sceneLighting":false,"audioPlay":false,"sceneViewState":{"showFog":true,"showMaterialUpdate":false,"showSkybox":true,"showFlares":true,"showImageEffects":true,"showParticleSystems":true},"in2DMode":false,"pivot":{"x":3.1599998474121095,"y":17.366392135620118,"z":7.878396034240723},"rotation":{"x":0.0726313665509224,"y":0.9138866066932678,"z":-0.18849048018455506,"w":0.35214680433273318},"size":20.320354461669923,"orthographic":false}