{"cameraMode":{"drawMode":0,"name":"Shaded","section":"Shading Mode"},"sceneLighting":false,"audioPlay":false,"sceneViewState":{"showFog":true,"showMaterialUpdate":false,"showSkybox":true,"showFlares":true,"showImageEffects":true,"showParticleSystems":true},"in2DMode":false,"pivot":{"x":-14.592571258544922,"y":13.689785957336426,"z":7.163276195526123},"rotation":{"x":0.06130743771791458,"y":0.9378358721733093,"z":-0.21998199820518495,"w":0.26136794686317446},"size":2.8578836917877199,"orthographic":false}