{"cameraMode":{"drawMode":0,"name":"Shaded","section":"Shading Mode"},"sceneLighting":false,"audioPlay":false,"sceneViewState":{"showFog":true,"showMaterialUpdate":false,"showSkybox":true,"showFlares":true,"showImageEffects":true,"showParticleSystems":true},"in2DMode":false,"pivot":{"x":-45.20000076293945,"y":27.64825439453125,"z":18.600011825561525},"rotation":{"x":0.016620326787233354,"y":0.947787344455719,"z":-0.3145066797733307,"w":0.05008484050631523},"size":344.2008972167969,"orthographic":false}