{"cameraMode":{"drawMode":0,"name":"Shaded","section":"Shading Mode"},"sceneLighting":true,"audioPlay":false,"sceneViewState":{"showFog":true,"showMaterialUpdate":false,"showSkybox":true,"showFlares":true,"showImageEffects":true,"showParticleSystems":true},"in2DMode":false,"pivot":{"x":-6.624000072479248,"y":13.621999740600586,"z":6.349999904632568},"rotation":{"x":0.07295987010002136,"y":0.9253814816474915,"z":-0.2902117967605591,"w":0.23264376819133759},"size":22.0,"orthographic":false}